NAMA PRODUK,HARGA,ALAMAT
Kit Power Bank 1A 5V 2 Slot Batre Baterai 18650 Casing Plastik,Rp12.000,Jakarta Barat
Kit Power Bank Li-ion Charger Modul 5V 1A TP4056 Soket Mini USB,Rp3.000,Jakarta Barat
Power Bank VEGER 10000 Mah,Rp66.110,Surabaya
Kit Power Bank 1A 5V 1 Slot Batre Baterai 18650 Casing Plastik,Rp8.250,Jakarta Barat
DIY Power Bank Case 2 USB Port & LCD 8x18650 RG109118,Rp36.700,Jakarta Barat
Power Bank Powerbank VEGER V41 10000mAh Slim Original Garansi 1 Tahun,Rp61.000,Jakarta Utara
modul power bank mesin power bank elektronik power bank daleman power bank,Rp4.900,Surabaya
Power Bank VEGER 25000 mAh V16,Rp122.405,Surabaya
Powerbank Kivee,Rp100.000,Palembang
Exchangeable Cell Power Bank Case For 5Pcs 18650,Rp26.600,Bandung
Red Star Beam Laser Merah Pointer Pen pulpen presentasi pattern 5MW,Rp25.000,Depok
Exchangeable Cell Power Bank Case For 5Pcs Battery 18650 Casing PB - Putih,Rp35.000,Depok
Xiaomi mi powerbank pro 2 10000mah,Rp200.000,Jakarta Barat
Powerbank,Rp50.000,Palembang
DIY Power Bank Casing USB Type C Dual Output & LCD 8x18650 RG109120,Rp39.700,Jakarta Barat
Taffware DIY Exchangeable Cell Power Bank Case For 2Pcs 18650,Rp29.670,Jakarta Barat
DIY 18650 Nikel Plat Power Bank Solder Spot Welder Nickel Nikle Plate Holder Rangkaian 6pcs Baterai 18650 Powerbank,Rp3.300,Tulungagung
SOHA CHB-002 Charger Baterai 4 Slot AA AAA Ni-Mh Ni-cd Ada Indikator LCD Display,Rp73.500,Jakarta Barat
Exchangeable Cell Power Bank Case For 5Pcs 18650,Rp26.730,Jakarta Barat
Taffware Case Power Bank DIY Untuk 2PCS 18650 RG63825,Rp29.000,Jakarta Barat
POWERBANK DELCELL GIGA 12000 MAH ORIGINAL DELCELL GIGA 12000MAH  GARANSI RESMI REAL CAPA ITY LEBIH MURAH DARI HIPPO VIVAN ASUS XIAOMI,Rp129.000,Kab. Bekasi
POWER BANK XIAOMI 10400MAH MI GOOD QUALITY,Rp59.250,Jakarta Barat
power bank Samsung 10.000mAh Dual Output USB Original Garansi TAM,Rp289.000,Jakarta Pusat
baterai batrey batrei 18650 powerbank vape vapor,Rp11.100,Sukoharjo
VYATTA ULTRA SLIM X POWEBANK USX-100 - 12 BULAN GARANSI TANPA BATAS,Rp148.720,Jakarta Timur
Case Cell Powerbank for 5pcs 18650,Rp24.900,Semarang
Power Bank Quick Charge 2 Port 20000mAh with LED Flash,Rp429.000,Jakarta Barat
Powerbank PowerCore Power Bank Mini SAMSUNG OPPO VIVO XIAOMI 9800mAh,Rp16.000,Jakarta Pusat
Power Bank Case DIY Exchangeable Cell For 2Pcs 18650,Rp32.000,Jakarta Barat
Casing Power Bank DIY Case Power Bank 8 Slot Dengan LCD Display,Rp50.500,Semarang
Powerbank solar 198000mah 20 LED - solarbank 20 lampu led -POWER BANK SOLAR 198.000MAH with LAMPU EMERGENCY 20 LED,Rp235.000,Bekasi
"Lampu led flexibel/ lampu emergency, lamkpu belajar, lampu lilin,",Rp3.500,Jakarta Utara
Power Bank Robot RT180 10000MAh Dual Input Type-C Micro-USB Powerbank,Rp126.500,Denpasar
5V 1A Micro USB to Lithium Battery Charging Module + Protection Board Combo Charger Modul Cas Baterai Rechargeable bb-20,Rp7.000,Serang
POWERBANK DELCELL TORNADO 10000 MAH FAST CHARGING QUALCOMM 3.0 ORIGINAL POWER BANK QUICK CHARGE GARANSI RESMI,Rp189.900,Kab. Bekasi
Exchangeable Cell Power Bank Case For 5Pcs Battery 18650 Casing PB,Rp35.000,Depok
Kit 3-in-1 Power Bank 1.3A ( Step Up + Charging + Protection ) BB-64C,Rp6.000,Serang
Mini Power Bank Dual USB Ports 12000mAh - S3000B,Rp275.600,Jakarta Barat
case power bank isi 4 pcs batre laptop 18650,Rp40.000,Jepara
Casing Powerbank/ Kotak Powerbank/ Powerbank Case/ Modul Powerbank,Rp34.900,Kulon Progo
diy modul power bank case,Rp55.000,Tangerang
Powerbank Slim 10000 mAh ROBOT RT180 Garansi Resmi,Rp150.000,Jakarta Selatan
Viverr Original Powerbank 10080mAh Good Product,Rp90.000,Jakarta Utara
Power Bank Jump Starter V-GeN 7200mAh V-GeN Jumper Aki Mobil Vgen,Rp487.500,Jakarta Utara
Power Bank S8 8000mAh 2 USB Ports,Rp397.000,Jakarta Barat
modul power bank,Rp55.000,Tangerang
Taffware Case Power Bank DIY Untuk 2PCS 18650 - Blue,Rp30.700,Jakarta Barat
Huawei HONOR Powerbank 10000mAh Fast Charging 18W Micro USB 10000 mAh,Rp110.000,Kab. Tangerang
Power Bank Kipas - Kipas Angin Mini Portable  -  Mini Fan USB Portable,Rp23.500,Jakarta Utara
Oraimo Powerbank 10000mAH Toast 10 Byte Dual Fast Charging OPB-P120D,Rp254.150,Jakarta Pusat
DIY Power Bank Case Gen2 8x18650 Type C dan Micro 2 USB Port Output 2A & 1A LCD Display 8x Baterai 18650 Powerbank Casing,Rp58.900,Karawang
Powerbank Veger 10000 mah V41,Rp150.000,Cilegon
power bank rakitan 11000mah baterai laptop 18650,Rp85.000,Jepara
POWERBANK 12000MAH ORIGINAL VEGER V50 12000 MAH SLIM GARANSI RESMI 1 TAHUN,Rp140.000,Cilegon
HITAM 8 Slot Power Bank Case Kotak DIY untuk 8 Baterai 18650,Rp52.500,Jakarta Pusat
PowerBank KIIP 20000 mAh Wireless Charging PD QC 3.0 - Power Bank 20000mAh QUICK CHARGE 3.0 Support Xiaomi Samsung,Rp369.000,Kab. Tangerang
ORIGINAL DAN MURAH.... POWERBANK ALTO 8000 MAh - Power Bank 8000mAh 2 Output Rival Robot 7200 - Robot 6600 - Hippo - Vivan.,Rp101.400,Kab. Bekasi
KIPAS MINI PORTABLE USB 2 IN 1 -  KIPAS ANGIN MINI POWERBANK - MINI FAN,Rp19.250,Jakarta Selatan
Power bank VEGER 25.000 Mah,Rp127.000,Jakarta Timur
Powerbank Wireless Samsung 10000mAh Type C Original,Rp725.000,Jakarta Pusat
K5 SINGLE Power Bank Case Aluminium Kotak - Selongsong DIY Baterai 18650,Rp15.700,Jakarta Pusat
Power Bank Case DIY 2 USB Port & LCD 4x18650,Rp76.000,Jakarta Barat
Power bank VEGER 20000 Mah / 20.000 Mah,Rp115.000,Jakarta Timur
Plat Nikel baterai 18650 Diy Rangkaian powerbank panjang 1 meter,Rp8.000,Tangerang
Taffware Casing Power Bank DIY Untuk 2PCS 18650 Warna Biru RG63826,Rp30.000,Jakarta Barat
Card Reader Mini 1 Slot Micro SD MicroSD Keren,Rp3.250,Serang
POWER BANK OPPO 99.000 MAH/99000 MAH,Rp28.000,Jakarta Timur
POWER BANK ROBOT 6600 RT7200 ORIGINAL VIVAN,Rp139.900,Jakarta Pusat
POWERBANK XIAOMI 10.000 MAH ORIGINAL ASLI 100 PERSEN - MI PRO 2 FAST CHARGING PB POWER BANK MI PRO GEN 2 10000mAh bukan  5000. 20000 mAh,Rp299.200,Serang
powerbank vivan robot 10000mah original black edition,Rp250.000,Jakarta Barat
Powerbank Kulit Jeruk,Rp46.000,Jakarta Utara
Modul Powerbank 1 Slot Multi Charger  Step Up  Protection 5V 1A Cas,Rp3.600,Jakarta Barat
Exchangeable Cell Power Bank Case For 5Pcs 18650 - White,Rp27.600,Jakarta Barat
mesin DIY modul casing powerbank isi 8,Rp60.000,Sukoharjo
Delcell Blast 9000 Mah original Real capacity,Rp75.500,Depok
Powerbank Slim 168.000 mAH Tidak Real Capacity Power bank Slim Metal,Rp17.500,Jakarta Pusat
POWERBANK VEGER 10000MAH ORIGINAL,Rp70.800,Jakarta Barat
ACMIC MINIMAX SuperMini 10000mAh AiCharge Power Bank QC4 - PD - VOOC,Rp309.000,Tangerang
V-GeN Powerbank Jumper 7200 mAh - Jump Starter Jumper Mobil VGEN,Rp492.000,Jakarta Pusat
ROVTOP DIY Power Bank Case 8x18650 2 Port+Display - A8 Casing Case Powerbank,Rp34.900,Jakarta Barat
VYATTA TURBO V VOOC 3.0 POWERBANK 22.5W  Huawei FCP Vivo QC3.0,Rp403.920,Jakarta Timur
case diy casing power bank rakitan,Rp28.500,Jepara
Power Bank Case 1x 18650 Model drat Metal Body Aluminium DIY Casing Powerbank 1x18650 Almunium Alumunium,Rp19.500,Karawang
Case Power Bank untuk 5Pcs 18650,Rp28.000,Jakarta Barat
Powerbank Xiaomi - Samsung - Asus - Vivo 198000Mah Slim Stainless,Rp25.000,Jakarta Utara
Power Bank 2 Port USB LED 30000mAh SMART MS - No1,Rp488.000,Jakarta Barat
Power Bank Case Exchangeable Cell For 5Pcs White,Rp28.000,Jakarta Barat
BA-01 BATERAI AAA 1.350Mah ORIGINAL Double Power BATTERY CAS CHARGER RECHARGEABLE Ni-MH 1 2,Rp8.000,Jakarta Barat
ACMIC D20 20000mAh Digital Display & 2A Fast Charge PowerBank,Rp489.000,Tangerang
Robot RT180 10000mAh Power Bank Flight Friendly,Rp117.500,Jakarta Pusat
POWERBANK MINI 10000MAH PD 18W QC 3.0 QUICK CHARGING TAPOW TP02,Rp399.000,Jakarta Barat
DIY Mini Solar Panel for Smartphone & Powerbank - 5V 1.1W 220MA,Rp13.920,Jakarta Barat
VYATTA TURBO V FAST WIRELESS 15W POWERBANK VOOC & QC3.0 22.5W - Phone Stand - OPPO - RealMe - Vivo - iPhone,Rp333.952,Jakarta Timur
Power Bank 2pcs 18650 Cell DIY case exchangeable console powerbank 2x casing modul kosongan enclousure shell PCB,Rp40.000,Tulungagung
Powerbank Xiaomi Mi Pro 2 10000 mAh FAST CHARGING Power Bank ORIGINAL - Perak,Rp199.000,Jakarta Pusat
Card Reader Mini 1 Slot Micro SD Keren,Rp3.000,Serang
Power Bank powerbank 10000Mah Original Asli Samsung,Rp375.000,Jakarta Pusat
Robot RT7300 NEW Model dari RT7200 Original,Rp89.000,Depok
Exchangeable Cell Power Bank Case For 5Pcs 18650 - Blue,Rp26.900,Jakarta Barat
Power Bank DIY Tenaga Solar dengan Lampu LED - Blue,Rp44.100,Jakarta Barat
ORIGINAL Xiaomi Powerbank 2C 20000 MAH Fast Charging,Rp395.000,Jakarta Barat
Samsung Fast Charging Power Bank 10000 mAh Type C Garansi TAM Original,Rp250.000,Jakarta Timur
Powerbank Xiaomi 10400mAh,Rp32.000,Bekasi
Power Bank 99000 mAh,Rp290.000,Jakarta Barat
Case Power Bank Exchangeable Cell For 1Pcs Aluminum Black,Rp17.500,Jakarta Barat
PROMO Powerbank 10000mAh REAL CAPACITY and Quick Charge 2.1A with DUAL USB OUTPUT - GP Original,Rp297.000,Jakarta Barat
Power Bank Veger X101 Ultimate LED Digital Display 10.000 mAH Original Garansi 15 Bulan,Rp220.000,Jakarta Utara
powerbank veger 10000 mah,Rp69.900,Bekasi
Hippo Powerbank ILO V1 10000 MAH,Rp155.000,Jakarta Barat
Power Bank Qi Wireless 10000mAh,Rp143.100,Jakarta Barat
Taffware DIY Power Bank Case 2 USB Port - LCD 4x18650 - Black,Rp69.100,Jakarta Barat
SINGLE Power Bank Case Aluminium Kotak Selongsong DIY Baterai 18650,Rp15.800,Jakarta Pusat
Remax Powerbank RPL-58 20000 MAH Revolution Series Fast Charging,Rp210.000,Jakarta Barat
ACMIC W10PRO 10000mAh Fast Wireless Charge PowerBank QC3.0 & PD,Rp609.000,Tangerang
POWER BANK ROBOT RT7200 VIVAN 6600 MAH,Rp111.500,Jakarta Utara
case diy power bank 2.1A 4pcs batre 18650,Rp40.000,Jepara
TORNADO Powerbank 10000mAh Real Capacity with Quick Charging,Rp140.000,Jakarta Pusat
DIY Power Bank Case 8x18650 Type Micro 2 USB Port Output 2A & 1A LCD Display 8x Baterai 18650 Powerbank Casing,Rp58.900,Karawang
PROMO Powerbank 3000mAh Real Capacity & Fast Charging GP Original,Rp147.000,Jakarta Barat
diy case power bank 5pcs 18650 lcd digital,Rp27.500,Jepara
Pouch PowerBank Anker For PowerCore 20000 Hard Case - A7311011,Rp139.000,Jakarta Utara
Hippo Power Bank Smore series 15000mAh,Rp299.000,Kab. Tangerang
POWER BANK MAGSAFE APPLE 1 1 CLONE IPHONE 12 12 PRO MAX 1460MAH WIRELESS CHARGING,Rp160.000,Bekasi
POWER BANK ROBOT 10000MAH RT180 - Powerbank Powerbeng Robot Pawer Beng Pawer Bank Powerbeng Ori Original Murah 10000 mah,Rp134.500,Bekasi
Casing Power Bank Exchangeable Cell Battery 5 pcs Power Case Powerbank,Rp28.900,Jakarta Pusat
Powerbank 15000 mah With LED Fast Charging 2 Output XO - PB26,Rp200.000,Jakarta Utara
Powerbank Solar Cell Charger Panel with Light Lamp for Charging Smartphone Power Bank Tenaga Surya Matahari dilengkapi Lampu LED,Rp210.000,Jakarta Barat
Powerbank Delcell Tornado 10000 mah Original Slim Power Bank Delcell Tornado 10000mah Support QC 3.0 Qualcomm Real Capacity Garansi Resmi 1 Tahun,Rp159.900,Kab. Bekasi
PowerBank Quick Charge 14000mAh INNOVO Fast Charging GEN.4 IE-140,Rp557.000,Jakarta Barat
Powerbank slim xiaomi azus samsung oppo iphone 198.000Mah murah meriah,Rp26.900,Surabaya
casing diy power bank 6x baterai 18650,Rp45.000,Tangerang
Powerbank ROBOT RT7200 - 6600mAh - Fast Charging 2.1A output - Garansi 12 bulan,Rp110.000,Jakarta Barat
Modul Power Bank 3-In-1 1A 18650 Charger + Step UP + Protection,Rp6.500,Serang
Case Power Bank untuk 5Pcs 18650 White,Rp27.300,Surabaya
PROMO  Powerbank 5000mAh Fast Charging 2.1A - GP Original,Rp209.000,Jakarta Barat
Hippo Power Bank Smore series 9000mAh,Rp199.000,Kab. Tangerang
Case Power Bank untuk 5Pcs 18650,Rp27.700,Jakarta Barat
case casing power bank isi rakitan,Rp28.500,Jepara
Power Bank XIAOMI 10400 MAh - PB XIAOMI 10.400 MAh,Rp39.900,Jakarta Utara
Power Bank Case 5x18650 2 Port  Display  PB-O,Rp29.600,Jakarta Barat
PROBOX Powerbank 5200mAh - Sanyo Cell inside - cell no.1 in the world,Rp135.000,Jakarta Barat
Powerbank xiaomi slim 188.000Mah murah,Rp24.000,Surabaya
Delcell Nano Power bank Super mini 9600mAh  QC 3  PD 18 W,Rp149.000,Jakarta Pusat
SAMSUNG POWER BANK 10.000 MAH DUAL USB CABLE MIRCO USB ORIGINAL,Rp129.900,Jakarta Barat
Powerbank Power Bank XIAOMI 2 10000mAh Fast charging Charge ORIGINAL,Rp185.000,Jakarta Barat
Jumper Aki Mobil USB Power Bank Car Jump Starter 20000mAh HOB-273,Rp270.000,Jakarta Utara
Powerbank Fast Charging VIVAN 10000 mAh Dual Output dan Input,Rp250.000,Jakarta Selatan
Robot RT130 10000mAh 2 USB Ports Power bank black and white,Rp160.000,Jakarta Pusat
DIY MODUL POWER BANK LCD,Rp54.900,Tangerang
powerbank dellcell note 10500mah original garansi resmi,Rp115.000,Jakarta Barat
Hippo Power Bank Eyes 12000 MAh With Type C Port - Sense The Touch,Rp268.000,Jakarta Barat
kabel power bank with gantungan kunci - cable data charger high speed fast charging,Rp26.900,Jakarta Barat
POWERBANK XIAOMI 2 10.000MAH ORIGINAL SLIM - POWER BANK DUAL Port 2 USB,Rp99.900,Jakarta Barat
UNEED Powerbank 50000mAh Built in Cable Fast Charging 2.1A - UPB245,Rp479.200,Jakarta Pusat
POWER BANK TAPOW 10000MAH SLIM PD 18W QC 3.0 QUICK CHARGING TP01,Rp349.000,Jakarta Barat
POWERBANK VEGER 10000MAH,Rp60.000,Jakarta Pusat
Power Bank Solar Waterproof 2 Port USB 10000mAh Dengan LED Light & Compass,Rp149.000,Depok
SERUNI POWERBANK ROBOT RT180 10000MAH Dual Input Port Type C dan Micro,Rp115.000,Surabaya
UNEED Powerbank 5.000mAH with Cable Type C - Micro USB - Lightning - UPB201,Rp187.530,Jakarta Pusat
Flash Light Universal Smartphone LED - Lampu Flashlight Selfie,Rp20.000,Tangerang Selatan
VYATTA ULTRA SLIM X PD POWER BANK USX-100 - QC Power Delivery,Rp192.720,Jakarta Timur
Anker PowerCore 20100 Power Bank 20100 Mah USB - C Black A1371611,Rp499.000,Jakarta Pusat
Power Bank VEGER Q21 20000mAh LED Digital Display Power Bank Quick Charger 3.0A And PD Original,Rp208.608,Jakarta Utara
Power Bank Case Baterai 18650 8Port LED Display - A8,Rp36.000,Jakarta Barat
Kabel Charger Micro Usb @10Cm for power bank Xiaomi Android,Rp4.000,Serang
Powerbank Vivan ROBOT 6600mAh/Powerbank Robot,Rp118.000,Kab. Bekasi
ANKER Quick Charge 3.0 Powerbank PowerCore II 10000 mAh A1230,Rp249.000,Jakarta Pusat
power bank kabel pendek L shape micro USB data sync charging cable nylon braided,Rp24.400,Jakarta Barat
"Baterai recharger Ultrafire SX 18650 li-ion output 3,7v 99000mah",Rp12.000,Jakarta Utara
Wireless Powerbank Iphone 5000mAh Full Apple iphone Battery Magsafe,Rp102.500,Jakarta Pusat
POWER BANK XIAOMI 10.400MAH - REAL PICTURE,Rp57.600,Jakarta Barat
Termurah Neo Exchangeable Cell Power Bank Case For 5Pcs 18650 Blue Biru  White Putih  PowerBank PB Untuk 5 Buah Pcs Baterai Battery,Rp33.500,Jakarta Barat
Power Bank Advance D21 - 5200 mAh,Rp73.000,Sukoharjo
Exchangeable Cell Power Bank Case For 5Pcs 18650 - Blue,Rp27.600,Jakarta Barat
Slim PowerBank Xiaomi 99000 mAh,Rp50.000,Jakarta Timur
Powerbank 6600 mAh JETE C1 Fast Charging - Garansi 1 Th,Rp257.900,Surabaya
VIVAN Power Bank VPB-M10 10000mAh Powerbank 2 Input 2 Output Fast Charging PD QC3.0 18W Original,Rp155.100,Jakarta Barat
Hame T5 Power Bank 5000mAh Super Slim,Rp74.800,Jakarta Barat
POWERBANK UNEED CompactBox L10 10000mAH with LED Display - UPB405 - Merah,Rp163.000,Jakarta Barat
DIY case powerbank 10X 18650 baterai,Rp95.000,Tangerang
